CREATE DATABASE  IF NOT EXISTS `g1_citations` /*!40100 DEFAULT CHARACTER SET utf8mb4 COLLATE utf8mb4_0900_ai_ci */ /*!80016 DEFAULT ENCRYPTION='N' */;
USE `g1_citations`;
-- MySQL dump 10.13  Distrib 8.0.36, for Win64 (x86_64)
--
-- Host: localhost    Database: g1_citations
-- ------------------------------------------------------
-- Server version	8.0.36

/*!40101 SET @OLD_CHARACTER_SET_CLIENT=@@CHARACTER_SET_CLIENT */;
/*!40101 SET @OLD_CHARACTER_SET_RESULTS=@@CHARACTER_SET_RESULTS */;
/*!40101 SET @OLD_COLLATION_CONNECTION=@@COLLATION_CONNECTION */;
/*!50503 SET NAMES utf8 */;
/*!40103 SET @OLD_TIME_ZONE=@@TIME_ZONE */;
/*!40103 SET TIME_ZONE='+00:00' */;
/*!40014 SET @OLD_UNIQUE_CHECKS=@@UNIQUE_CHECKS, UNIQUE_CHECKS=0 */;
/*!40014 SET @OLD_FOREIGN_KEY_CHECKS=@@FOREIGN_KEY_CHECKS, FOREIGN_KEY_CHECKS=0 */;
/*!40101 SET @OLD_SQL_MODE=@@SQL_MODE, SQL_MODE='NO_AUTO_VALUE_ON_ZERO' */;
/*!40111 SET @OLD_SQL_NOTES=@@SQL_NOTES, SQL_NOTES=0 */;

--
-- Table structure for table `fine_levels`
--

DROP TABLE IF EXISTS `fine_levels`;
/*!40101 SET @saved_cs_client     = @@character_set_client */;
/*!50503 SET character_set_client = utf8mb4 */;
CREATE TABLE `fine_levels` (
  `fine_id` int NOT NULL AUTO_INCREMENT,
  `fine_level_1` int NOT NULL,
  `fine_level_2` int DEFAULT NULL,
  PRIMARY KEY (`fine_id`),
  UNIQUE KEY `fine_level_1_UNIQUE` (`fine_level_1`),
  UNIQUE KEY `fine_level_2_UNIQUE` (`fine_level_2`)
) ENGINE=InnoDB AUTO_INCREMENT=1993 DEFAULT CHARSET=utf8mb3;
/*!40101 SET character_set_client = @saved_cs_client */;

--
-- Dumping data for table `fine_levels`
--

LOCK TABLES `fine_levels` WRITE;
/*!40000 ALTER TABLE `fine_levels` DISABLE KEYS */;
INSERT INTO `fine_levels` VALUES (1,100,200),(2,150,300),(3,75,150),(4,60,120),(5,200,250),(6,300,600),(7,250,500),(8,0,0),(9,35,70),(10,25,50);
/*!40000 ALTER TABLE `fine_levels` ENABLE KEYS */;
UNLOCK TABLES;

--
-- Table structure for table `locations`
--

DROP TABLE IF EXISTS `locations`;
/*!40101 SET @saved_cs_client     = @@character_set_client */;
/*!50503 SET character_set_client = utf8mb4 */;
CREATE TABLE `locations` (
  `location_id` int NOT NULL AUTO_INCREMENT,
  `violation_location` varchar(45) NOT NULL,
  PRIMARY KEY (`location_id`,`violation_location`),
  UNIQUE KEY `violation_location_UNIQUE` (`violation_location`)
) ENGINE=InnoDB AUTO_INCREMENT=256 DEFAULT CHARSET=utf8mb3;
/*!40101 SET character_set_client = @saved_cs_client */;

--
-- Dumping data for table `locations`
--

LOCK TABLES `locations` WRITE;
/*!40000 ALTER TABLE `locations` DISABLE KEYS */;
INSERT INTO `locations` VALUES (175,'1 N HALSTED STREET'),(53,'100 W CHICAGO AVENUE'),(118,'1000 W HOLLYWOOD AVE'),(23,'10318 S INDIANAPOLIS'),(168,'109 E SUPERIOR'),(124,'11100 S HALSTED ST'),(80,'1111 N HUMBOLDT'),(132,'1133 S WABASH'),(26,'1142 W IRVING PARK'),(70,'115 N OGDEN'),(129,'1150 S WABASH'),(107,'1158 S 19TH PL'),(112,'11900 S HALSTED'),(159,'1200 W DEVON AVE'),(87,'1315 W GARFIELD BLVD'),(121,'1333 S WABASH AVE'),(125,'1334 W GARFIELD BLVD'),(11,'140 N ASHLAND'),(120,'141 N ASHLAND'),(126,'1414 S WABASH'),(158,'142 E ONTARIO'),(162,'1507 W 83rd ST'),(119,'1515 S WABASH'),(116,'1515 S WABASH AVE'),(113,'1521 S WABASH ST'),(86,'158 W ELM'),(33,'1600 W 71ST'),(94,'1600 W 87TH ST'),(181,'1600 W 95TH STREET'),(100,'1600 W SHERWIN'),(131,'1607 W 21ST'),(176,'1647 S SPRINGFIELD'),(109,'1723 S WABASH'),(104,'1725 S WABASH AVE'),(157,'176 N MORGAN'),(83,'1821 N LUNA'),(57,'1852 S CENTRAL PARK'),(38,'1865 S AVERFS'),(43,'1901 E 75TH ST'),(8,'1904 S HAMLIN'),(37,'1925 S AVERS'),(22,'1940 S AVERS'),(19,'1942 S AVERS'),(17,'1962 S HAMLIN'),(59,'200 W GARFIELD BLVD'),(10,'2000 N CICERO AVENUE'),(122,'2000 S RACINE AVE'),(137,'2000 W DIVISION'),(155,'2000 W FULLERTON AVE'),(73,'2026 N LINCOLN PK WST'),(64,'2050 S INDIANA ST'),(82,'2057 N CLARK ST'),(165,'2080 W PERSHING'),(127,'2121 N MASON'),(194,'2200 S WESTERN AVENUE'),(148,'2331 N COMMONWEALTH AV'),(147,'2348 S KOSTNER AVENUE'),(71,'2400 N ASHLAND AVENUE'),(169,'2400 N LARAMIE AVENUE'),(111,'2400 N WESTERN AVENUE'),(29,'2400 W 63RD ST'),(190,'2400 W CERMAK ROAD'),(65,'2400 W PETERSON'),(164,'2400 W VAN BUREN STREE'),(55,'2417 W 103RD ST'),(178,'2426 N DAMEN AVE'),(105,'2513 W 55TH'),(81,'2645 S STATE ST'),(1,'2656 S AVERS'),(68,'2711 W PERSHING RD'),(88,'2800 N DAMEN AVENUE'),(63,'2840 S STATE ST'),(31,'2900 S STATE ST'),(13,'2900 W OGDEN'),(60,'2901 S STATE ST'),(143,'2903 N PINE GROVE'),(32,'2912 W ROOSEVELT'),(128,'2917 W ROOSEVELT'),(67,'2920 S STATE ST'),(72,'2964 S STATE ST'),(150,'30 W 87TH STREET'),(74,'3034 N KILBOURN'),(166,'3034 W FOSTER'),(41,'3047 W JACKSON BLVD'),(89,'308 E 50TH ST'),(50,'3100 S DR MARTIN L KING'),(69,'312 E 50TH ST'),(66,'3137 W PETERSON'),(39,'320 N LAMON'),(54,'3200 N KEDZIE AVE'),(171,'3200 N LAKESHORE DRIV'),(187,'3216 W ADDISON ST'),(30,'323 N LAMON'),(15,'3231 W DICKENS AV'),(182,'324 E ILLINOIS ST'),(27,'324 S KEDZIE AVE'),(85,'3255 W BLOOMINGDALE'),(130,'340 W UPPER WACKER DR'),(79,'3400 W NORTH AVE'),(28,'3450 W 71ST'),(170,'3515 W JACKSON'),(196,'3600 N HARLEM AVENUE'),(186,'3600 N WESTERN AVENUE'),(98,'3645 S HERMITAGE'),(42,'3646 W MADISON'),(133,'3655 W JACKSON'),(44,'3800 W MADISON STREET'),(36,'3843 S WESTERN'),(183,'3900 W ROOSEVELT'),(188,'3906 W ROOSEVELT'),(192,'3908 W ROOSEVELT'),(2,'3956 N CENTRAL'),(177,'400 E 31ST STREET'),(179,'400 N CENTRAL AVENUE'),(20,'400 S WESTERN AVENUE'),(167,'400 W BELMONT AVE'),(153,'4000 N PULASKI ROAD'),(144,'4000 W BELMONT AVE'),(163,'4000 W FULLERTON AVE'),(45,'4000 W IRVING PARK RD'),(123,'4058 W MELROSE'),(52,'4124 W FOSTER AVE'),(110,'4200 S CICERO AVENUE'),(184,'4400 N MILWAUKEE AVEN'),(198,'4400 N WESTERN AVENUE'),(136,'4400 W GRAND AVE'),(96,'4432 N LINCOLN'),(4,'4433 N WESTERN'),(49,'445 W 127TH'),(9,'450 N COLUMBUS DR'),(189,'4649 W WRIGHTWOOD'),(193,'4700 S CICERO AVE'),(180,'4700 W IRVING PARK ROA'),(78,'4800 N ASHLAND AVENUE'),(160,'4800 N CICERO AVENUE'),(6,'4800 W 47TH ST'),(117,'4800 W HARRISON STREET'),(173,'4800 W PETERSON AVENUE'),(25,'500 N COLUMBUS DRIVE'),(35,'500 W ROOSEVELT ROAD'),(34,'5051 S ST LAWRENCE AVE'),(134,'506 S CENTRAL AVE'),(58,'5120 N PULASKI'),(46,'515 S CENTRAL AVE'),(84,'5200 N PULASKI RD'),(103,'5200 W IRVING PARK ROA'),(61,'5330 S COTTAGE GROVE'),(14,'536 E MORGAN DR'),(146,'5401 W WELLINGTON'),(149,'5403 W WELLINGTON'),(145,'5404 W WELLINGTON'),(142,'5406 W WELLINGTON'),(152,'5407 W WELLINGTON'),(140,'5416 W WELLINGTON'),(90,'5420 S RACINE AVE'),(139,'5425 W WELLINGTON'),(40,'5454 W IRVING PARK'),(185,'5471 W HIGGINS'),(99,'5520 S WESTERN'),(151,'5529 S WESTERN'),(76,'5600 W CHICAGO AVENUE'),(95,'5816 W JACKSON'),(48,'5885 N RIDGE AVE'),(156,'5930 N CLARK STREET'),(174,'5947 S KOSTNER AVE'),(3,'6226 W IRVING PARK RD'),(102,'6247 W FULLERTON'),(47,'6254 S INDIANA'),(197,'6300 S STATE ST'),(141,'6300 S WESTERN AVE'),(5,'6400 N SHERIDAN ROAD'),(161,'6523 N WESTERN'),(93,'6601 S INGLESIDE AV'),(51,'6700 S CORNELL DRIVE'),(91,'6818 S KEDZIE'),(21,'6909 S KEDZIE'),(172,'7030 S ASHLAND'),(195,'7200 N WESTERN AVENUE'),(92,'7422 S JEFFERY'),(97,'7430 S COELS AV'),(77,'7600 S STONY ISLAND A'),(114,'7900 S STATE STREET'),(154,'7909 S ASHLAND'),(135,'800 N CENTRAL AVENUE'),(101,'800 N SACRAMENTO AVEN'),(16,'800 W 99TH ST'),(7,'800 W ROOSEVELT ROAD'),(191,'8007 S LOOMIS BLVD'),(56,'8020 W FOREST PRESERVE AV'),(12,'8318 S ASHLAND AVE'),(24,'8345 S ASHLAND AVE'),(62,'8700 S LAFAYETTE AVEN'),(18,'8700 S VINCENNES'),(108,'932 N LONG'),(106,'9500 S JEFFERY AVE'),(115,'9618 S EWING AVE'),(75,'98 E 46TH ST'),(138,'9900 S HALSTED ST');
/*!40000 ALTER TABLE `locations` ENABLE KEYS */;
UNLOCK TABLES;

--
-- Temporary view structure for view `outstanding_payments`
--

DROP TABLE IF EXISTS `outstanding_payments`;
/*!50001 DROP VIEW IF EXISTS `outstanding_payments`*/;
SET @saved_cs_client     = @@character_set_client;
/*!50503 SET character_set_client = utf8mb4 */;
/*!50001 CREATE VIEW `outstanding_payments` AS SELECT 
 1 AS `ticket_number`,
 1 AS `amount_due`*/;
SET character_set_client = @saved_cs_client;

--
-- Table structure for table `payments`
--

DROP TABLE IF EXISTS `payments`;
/*!40101 SET @saved_cs_client     = @@character_set_client */;
/*!50503 SET character_set_client = utf8mb4 */;
CREATE TABLE `payments` (
  `payment_id` int NOT NULL AUTO_INCREMENT,
  `payment_total` int NOT NULL,
  `amount_due` int NOT NULL,
  `ticket_number` bigint DEFAULT NULL,
  PRIMARY KEY (`payment_id`),
  KEY `fk_ticket_number_idx` (`ticket_number`),
  CONSTRAINT `fk_ticket_number` FOREIGN KEY (`ticket_number`) REFERENCES `tickets` (`ticket_number`)
) ENGINE=InnoDB AUTO_INCREMENT=512 DEFAULT CHARSET=utf8mb3;
/*!40101 SET character_set_client = @saved_cs_client */;

--
-- Dumping data for table `payments`
--

LOCK TABLES `payments` WRITE;
/*!40000 ALTER TABLE `payments` DISABLE KEYS */;
INSERT INTO `payments` VALUES (1,0,300,71914684),(2,100,0,71789708),(3,0,120,71914685),(4,100,0,6048484886),(5,0,0,6048484885),(6,0,200,7009321790),(7,100,0,7009321801),(8,0,200,7009321803),(9,60,0,71915844),(10,0,200,6048484887),(11,200,0,7009321800),(12,0,0,6048484890),(13,0,70,6048484892),(14,0,200,6048484891),(15,0,0,6048484893),(16,100,0,6048484889),(17,150,0,71885871),(18,100,0,6048484894),(19,100,0,7009321654),(20,0,120,71915845),(21,0,200,7009323477),(22,0,120,71915846),(23,100,0,7009321682),(24,0,200,6048484895),(25,0,120,71915847),(26,100,0,6048484901),(27,0,200,6048484897),(28,100,0,7009321680),(29,0,0,6048484899),(30,100,0,6048484898),(31,0,200,6048484900),(32,100,0,6048484896),(33,100,0,7009321770),(34,0,0,72169372),(35,0,0,71718121),(36,0,0,6048484902),(37,0,200,7009321651),(38,70,0,6048484903),(39,0,0,71595145),(40,0,250,71595146),(41,100,0,7009321650),(42,0,0,6048484904),(43,0,120,71915848),(44,0,0,71915849),(45,0,120,72169373),(46,200,0,71718122),(47,0,0,6048484907),(48,35,0,6048484905),(49,100,0,6048484906),(50,0,0,6048484909),(51,0,200,6048484911),(52,0,200,6048484910),(53,100,0,7009321797),(54,0,0,6048484908),(55,5,115,71718181),(56,100,0,7009322949),(57,0,0,6048484912),(58,60,0,71900949),(59,0,0,6048484915),(60,0,200,6048484914),(61,100,0,7009321684),(62,200,0,7009321660),(63,0,70,6048484913),(64,0,0,6048484920),(65,100,0,6048484917),(66,35,0,6048484918),(67,100,0,7009321694),(68,0,200,6048484916),(69,0,100,7009321673),(70,0,200,6048484919),(71,0,0,6048484922),(72,0,0,6048484921),(73,100,0,6048484923),(74,0,200,6048484924),(75,60,0,71913897),(76,0,0,6048484926),(77,0,200,7009321692),(78,0,0,71718123),(79,100,0,6048484927),(80,0,200,7009321693),(81,0,0,6048484928),(82,120,0,71718183),(83,0,0,6048484929),(84,60,0,71564012),(85,100,0,7009321665),(86,0,0,6048484930),(87,0,0,6048484932),(88,0,0,6048484931),(89,0,0,71718124),(90,75,0,71527216),(91,0,200,6048484933),(92,0,120,71595149),(93,0,200,7009321655),(94,100,0,6048484934),(95,0,200,6048484936),(96,100,0,7009323356),(97,0,200,6048484935),(98,0,0,71718184),(99,100,0,71885873),(100,0,300,71883919),(101,0,300,72181689),(102,0,200,7009323488),(103,0,0,6048484938),(104,100,0,7009321659),(105,100,0,7009321671),(106,100,0,7009321796),(107,0,0,6048484937),(108,100,0,6048484939),(109,35,0,6048484940),(110,0,0,71718185),(111,100,0,71885874),(112,0,500,71354616),(113,100,0,7009321667),(114,60,0,72165601),(115,100,0,6048484941),(116,100,0,6048484942),(117,0,200,71886067),(118,0,250,71718126),(119,100,0,6048484944),(120,0,244,7009321674),(121,0,0,71718125),(122,60,0,71595150),(123,0,70,6048484947),(124,0,0,6048484945),(125,0,0,6048484949),(126,100,0,6048484948),(127,0,120,71900950),(128,0,0,7009321776),(129,0,200,6048484951),(130,100,0,6048484950),(131,200,0,7009321683),(132,0,0,6048484952),(133,67,233,71901421),(134,0,0,6048484955),(135,250,0,71517474),(136,0,70,6048484956),(137,100,0,6048484957),(138,100,0,6048484954),(139,0,0,6048484961),(140,60,0,71636604),(141,150,0,71636603),(142,0,200,6048484958),(143,0,200,7009323483),(144,0,0,6048484962),(145,0,0,6048484959),(146,0,200,7009321677),(147,0,70,6048484960),(148,120,0,71718127),(149,100,0,6048484963),(150,100,0,6048484964),(151,100,0,6048484965),(152,0,200,7009321777),(153,60,0,71773754),(154,0,120,71643625),(155,0,0,71718186),(156,0,0,6048484968),(157,100,0,7009321808),(158,0,0,6048484967),(159,0,0,6048484966),(160,0,0,6048484970),(161,0,0,6048484969),(162,0,200,6048484972),(163,100,0,7009321678),(164,100,0,6048484971),(165,0,200,7009321652),(166,0,120,71718187),(167,35,0,6048484975),(168,0,200,7009321695),(169,0,0,6048484973),(170,0,0,6048484974),(171,0,0,6048484977),(172,0,120,71718129),(173,200,0,7009323490),(174,0,0,6048484976),(175,100,0,7009321672),(176,0,0,71718188),(177,35,0,6048484978),(178,100,0,6048484979),(179,0,0,6048484980),(180,100,0,6048484982),(181,0,0,6048484981),(182,60,0,71718130),(183,0,200,6048484983),(184,100,0,6048484984),(185,75,0,71773756),(186,100,0,7009323481),(187,0,150,71445228),(188,0,200,6048484986),(189,0,200,7009321778),(190,100,0,7009321653),(191,0,0,6048484985),(192,0,0,71718189),(193,0,200,7009321686),(194,0,120,71362671),(195,0,300,71362670),(196,150,0,71362669),(197,100,0,7009321687),(198,0,0,6048484987),(199,100,0,7009321675),(200,0,70,6048484988),(201,0,200,6048484989),(202,0,0,71718131),(203,0,0,6048484990),(204,100,0,7009321663),(205,0,0,6048484991),(206,100,0,7009321809),(207,0,0,6048484992),(208,200,0,6048484994),(209,0,0,71773757),(210,0,200,6048484993),(211,0,0,71718190),(212,100,0,6048484996),(213,0,0,6048484995),(214,35,0,6048484998),(215,0,0,6048484997),(216,100,0,6048484999),(217,0,200,7009321868),(218,100,0,7009321799),(219,0,244,7009325261),(220,35,0,6048485001),(221,200,0,6048485000),(222,100,0,7009321802),(223,0,200,7009323489),(224,100,0,7009321795),(225,200,0,7009325251),(226,200,0,6048485004),(227,75,0,71361883),(228,200,0,6048485002),(229,100,0,6048485003),(230,0,0,6048485005),(231,75,0,71361884),(232,100,0,7009321858),(233,0,0,6048485006),(234,0,0,6048485011),(235,100,0,7009321857),(236,0,200,6048485008),(237,35,0,6048485010),(238,75,0,71361885),(239,0,0,6048485012),(240,75,0,71465442),(241,0,200,6048485013),(242,0,70,6048485014),(243,200,0,7009321781),(244,100,0,7009322724),(245,200,0,6048485033),(246,0,0,6048485015),(247,75,0,71361886),(248,75,0,71361888),(249,0,200,7009325259),(250,100,0,7009321810),(251,100,0,6048485016),(252,100,0,71885876),(253,0,0,6048485017),(254,150,0,71361889),(255,0,200,7009321869),(256,35,0,6048485018),(257,35,0,6048485020),(258,0,0,6048485021),(259,0,200,6048485019),(260,75,0,71361890),(261,100,0,7009321793),(262,0,0,6048485024),(263,0,200,6048485034),(264,0,0,6048485022),(265,0,0,6048485023),(266,0,150,71674358),(267,0,0,6048485025),(268,100,0,7009323510),(269,100,0,7009321948),(270,100,0,7009321907),(271,0,0,71512485),(272,75,0,71885692),(273,0,0,6048485028),(274,0,200,7009323504),(275,0,0,6048485026),(276,100,0,7009321906),(277,0,70,6048485027),(278,35,0,6048485029),(279,100,0,6048485031),(280,0,0,6048485035),(281,200,0,7009323505),(282,0,244,6048485032),(283,200,0,7009321970),(284,70,0,6048485030),(285,0,200,7009321873),(286,0,200,7009321811),(287,50,50,6048485037),(288,0,0,6048485036),(289,0,0,6048485038),(290,100,0,7009321951),(291,0,200,6048485039),(292,100,0,6048485040),(293,0,0,6048485041),(294,100,0,7009321929),(295,0,0,6048485042),(296,75,0,71885693),(297,0,200,7009321935),(298,100,0,6048485043),(299,100,0,6048485045),(300,100,0,6048485044),(301,0,0,6048485046),(302,0,200,6048485047),(303,0,120,71685369),(304,100,0,6048485050),(305,200,0,6048485049),(306,0,0,6048485048),(307,0,200,7009321885),(308,0,200,7009321967),(309,0,0,6048485051),(310,0,200,7009325266),(311,100,0,7009321928),(312,0,200,6048485052),(313,100,0,6048485054),(314,0,200,6048485053),(315,150,350,71391955),(316,100,0,7009321916),(317,0,0,6048485055),(318,0,150,72159252),(319,35,0,6048485056),(320,0,244,7009325268),(321,0,0,6048485057),(322,0,120,71915850),(323,0,0,6048485058),(324,100,0,7009325263),(325,100,0,7009321893),(326,100,0,7009321956),(327,100,0,6048485060),(328,0,0,6048485059),(329,0,0,6048485062),(330,35,0,6048485061),(331,0,200,7009321882),(332,100,0,6048485063),(333,100,0,7009321867),(334,0,70,6048485064),(335,0,150,72178320),(336,0,500,71391956),(337,100,0,7009321921),(338,0,0,6048485065),(339,100,0,7009321939),(340,0,200,7009321927),(341,75,0,72178336),(342,0,200,6048485066),(343,120,0,72164212),(344,100,0,7009321813),(345,120,0,72164213),(346,0,200,7009321901),(347,35,0,6048485067),(348,60,0,71717731),(349,0,150,72178338),(350,100,0,7009321818),(351,100,0,7009321900),(352,100,0,7009321918),(353,0,0,6048485068),(354,100,0,7009323508),(355,200,0,7009321828),(356,35,0,6048485069),(357,0,200,7009321879),(358,100,0,7009321917),(359,0,200,7009321968);
/*!40000 ALTER TABLE `payments` ENABLE KEYS */;
UNLOCK TABLES;

--
-- Table structure for table `ticket_queue_types`
--

DROP TABLE IF EXISTS `ticket_queue_types`;
/*!40101 SET @saved_cs_client     = @@character_set_client */;
/*!50503 SET character_set_client = utf8mb4 */;
CREATE TABLE `ticket_queue_types` (
  `queue_id` int NOT NULL AUTO_INCREMENT,
  `ticket_queue` varchar(45) NOT NULL,
  PRIMARY KEY (`queue_id`,`ticket_queue`),
  UNIQUE KEY `ticket_queue_UNIQUE` (`ticket_queue`)
) ENGINE=InnoDB AUTO_INCREMENT=3985 DEFAULT CHARSET=utf8mb3;
/*!40101 SET character_set_client = @saved_cs_client */;

--
-- Dumping data for table `ticket_queue_types`
--

LOCK TABLES `ticket_queue_types` WRITE;
/*!40000 ALTER TABLE `ticket_queue_types` DISABLE KEYS */;
INSERT INTO `ticket_queue_types` VALUES (1,'Bankruptcy'),(2,'Court'),(3,'Define'),(4,'Dismissed'),(5,'Hearing Req'),(6,'Notice'),(7,'Paid'),(8,'Warning');
/*!40000 ALTER TABLE `ticket_queue_types` ENABLE KEYS */;
UNLOCK TABLES;

--
-- Table structure for table `tickets`
--

DROP TABLE IF EXISTS `tickets`;
/*!40101 SET @saved_cs_client     = @@character_set_client */;
/*!50503 SET character_set_client = utf8mb4 */;
CREATE TABLE `tickets` (
  `ticket_number` bigint NOT NULL,
  `location_id` int NOT NULL,
  `vehicle_id` int NOT NULL,
  `violation_code` varchar(45) DEFAULT NULL,
  `queue_id` int NOT NULL,
  `issue_date` datetime DEFAULT NULL,
  PRIMARY KEY (`ticket_number`),
  KEY `fk_tickets_locations_idx` (`location_id`),
  KEY `fk_tickets_vehicles1_idx` (`vehicle_id`),
  KEY `fk_tickets_violations1_idx` (`violation_code`),
  KEY `fk_tickets_ticket_queue1_idx` (`queue_id`),
  CONSTRAINT `fk_tickets_locations` FOREIGN KEY (`location_id`) REFERENCES `locations` (`location_id`),
  CONSTRAINT `fk_tickets_ticket_queue1` FOREIGN KEY (`queue_id`) REFERENCES `ticket_queue_types` (`queue_id`),
  CONSTRAINT `fk_tickets_vehicles1` FOREIGN KEY (`vehicle_id`) REFERENCES `vehicles` (`vehicle_id`),
  CONSTRAINT `fk_violation_code` FOREIGN KEY (`violation_code`) REFERENCES `violations` (`violation_code`)
) ENGINE=InnoDB DEFAULT CHARSET=utf8mb3;
/*!40101 SET character_set_client = @saved_cs_client */;

--
-- Dumping data for table `tickets`
--

LOCK TABLES `tickets` WRITE;
/*!40000 ALTER TABLE `tickets` DISABLE KEYS */;
INSERT INTO `tickets` VALUES (71354616,83,61,'0964050J',6,'2021-01-01 10:30:00'),(71361883,139,23,'0964090E',7,'2021-01-01 11:04:00'),(71361884,140,18,'0964090E',7,'2021-01-01 11:05:00'),(71361885,142,81,'0964090E',7,'2021-01-01 11:07:00'),(71361886,145,89,'0964090E',7,'2021-01-01 11:09:00'),(71361888,146,16,'0964090E',7,'2021-01-01 11:11:00'),(71361889,149,16,'0964090E',7,'2021-01-01 11:13:00'),(71361890,152,74,'0964090E',7,'2021-01-01 11:14:00'),(71362669,127,47,'0964130A',7,'2021-01-01 10:53:00'),(71362670,127,102,'0964130A',6,'2021-01-01 10:53:00'),(71362671,127,102,'0976160B',6,'2021-01-01 10:53:00'),(71391955,172,80,'0964050J',6,'2021-01-01 11:33:00'),(71391956,172,18,'0964050J',6,'2021-01-01 11:46:00'),(71445228,123,24,'0964150B',6,'2021-01-01 10:51:00'),(71465442,143,81,'0964150B',7,'2021-01-01 11:08:00'),(71512485,157,16,'0964150B',4,'2021-01-01 11:17:00'),(71517474,98,80,'0964050J',7,'2021-01-01 10:37:00'),(71527216,68,61,'0964090E',7,'2021-01-01 10:25:00'),(71564012,64,18,'0976160B',7,'2021-01-01 10:23:00'),(71595145,34,207,'0976160B',4,'2021-01-01 10:12:00'),(71595146,34,207,'0964125B',6,'2021-01-01 10:12:00'),(71595149,69,74,'0976160B',6,'2021-01-01 10:26:00'),(71595150,89,47,'0976160B',7,'2021-01-01 10:33:00'),(71636603,100,295,'0964130A',7,'2021-01-01 10:38:00'),(71636604,100,295,'0976160A',7,'2021-01-01 10:38:00'),(71643625,108,92,'0976160B',6,'2021-01-01 10:40:00'),(71674358,154,18,'0964150B',6,'2021-01-01 11:16:00'),(71685369,170,18,'0976160A',6,'2021-01-01 11:31:00'),(71717731,191,81,'0976160B',7,'2021-01-01 11:52:00'),(71718121,31,16,'0976160B',4,'2021-01-01 10:11:00'),(71718122,31,16,'0964125B',7,'2021-01-01 10:13:00'),(71718123,60,47,'0976160B',4,'2021-01-01 10:21:00'),(71718124,67,61,'0976160B',4,'2021-01-01 10:25:00'),(71718125,72,16,'0976160B',4,'2021-01-01 10:32:00'),(71718126,72,16,'0964125B',6,'2021-01-01 10:31:00'),(71718127,104,47,'0976160B',7,'2021-01-01 10:39:00'),(71718129,116,99,'0976160B',6,'2021-01-01 10:46:00'),(71718130,121,24,'0976160B',7,'2021-01-01 10:50:00'),(71718131,129,108,'0976160B',4,'2021-01-01 10:56:00'),(71718181,31,68,'0976160B',6,'2021-01-01 10:14:00'),(71718183,63,102,'0976160B',7,'2021-01-01 10:23:00'),(71718184,72,48,'0976160B',4,'2021-01-01 10:28:00'),(71718185,81,48,'0964125B',4,'2021-01-01 10:30:00'),(71718186,109,80,'0976160B',4,'2021-01-01 10:41:00'),(71718187,113,18,'0976160B',6,'2021-01-01 10:45:00'),(71718188,119,18,'0976160B',4,'2021-01-01 10:47:00'),(71718189,126,29,'0976160B',4,'2021-01-01 10:53:00'),(71718190,132,16,'0976160B',4,'2021-01-01 11:00:00'),(71773754,107,81,'0964110C',7,'2021-01-01 10:40:00'),(71773756,122,61,'0964150B',7,'2021-01-01 10:51:00'),(71773757,131,102,'0964100C',4,'2021-01-01 10:59:00'),(71789708,2,16,'0964110A1',7,'2021-01-01 10:00:00'),(71883919,74,3,'0964100A',6,'2021-01-01 10:28:00'),(71885692,158,18,'0964150B',7,'2021-01-01 11:18:00'),(71885693,168,18,'0964150B',7,'2021-01-01 11:26:00'),(71885871,15,81,'0964100C',7,'2021-01-01 10:07:00'),(71885873,73,18,'0964080B',7,'2021-01-01 10:28:00'),(71885874,82,96,'0964080B',7,'2021-01-01 10:30:00'),(71885876,148,24,'0964080B',7,'2021-01-01 11:13:00'),(71886067,86,89,'0964110A1',6,'2021-01-01 10:31:00'),(71900949,47,81,'0964110C',7,'2021-01-01 10:15:00'),(71900950,93,16,'0964110C',6,'2021-01-01 10:35:00'),(71901421,97,18,'0964100C',6,'2021-01-01 10:37:00'),(71913897,57,47,'0976160B',7,'2021-01-01 10:20:00'),(71914684,1,18,'0964100A',6,'2021-01-01 10:00:00'),(71914685,1,18,'0976160B',6,'2021-01-01 10:00:00'),(71915844,8,23,'0976160B',7,'2021-01-01 10:03:00'),(71915845,17,18,'0976160B',6,'2021-01-01 10:07:00'),(71915846,19,3,'0976160B',6,'2021-01-01 10:09:00'),(71915847,22,23,'0976160B',6,'2021-01-01 10:10:00'),(71915848,37,23,'0976160B',6,'2021-01-01 10:12:00'),(71915849,38,61,'0976160B',4,'2021-01-01 10:13:00'),(71915850,176,78,'0976160B',6,'2021-01-01 11:39:00'),(72159252,174,96,'0964090E',6,'2021-01-01 11:37:00'),(72164212,189,295,'0976160B',7,'2021-01-01 11:50:00'),(72164213,189,295,'0976160A',7,'2021-01-01 11:51:00'),(72165601,85,23,'0964110C',7,'2021-01-01 10:30:00'),(72169372,30,78,'0976160B',4,'2021-01-01 10:11:00'),(72169373,39,16,'0976160B',6,'2021-01-01 10:13:00'),(72178320,183,18,'0964150B',6,'2021-01-01 11:46:00'),(72178336,188,48,'0964150B',7,'2021-01-01 11:47:00'),(72178338,192,47,'0964150B',6,'2021-01-01 11:52:00'),(72181689,75,16,'0964100A',6,'2021-01-01 10:28:00'),(6048484885,4,1,'9100045B2',8,'2021-01-01 10:01:00'),(6048484886,3,1,'9101020**',7,'2021-01-01 10:01:00'),(6048484887,9,1,'9101020**',6,'2021-01-01 10:04:00'),(6048484889,11,1,'9101020**',7,'2021-01-01 10:06:00'),(6048484890,11,1,'9100045B2',8,'2021-01-01 10:06:00'),(6048484891,13,1,'9101020**',6,'2021-01-01 10:06:00'),(6048484892,12,1,'9101020*',6,'2021-01-01 10:06:00'),(6048484893,14,1,'9100045B2',8,'2021-01-01 10:06:00'),(6048484894,14,1,'9101020**',7,'2021-01-01 10:07:00'),(6048484895,21,1,'9101020**',6,'2021-01-01 10:09:00'),(6048484896,28,1,'9101020**',7,'2021-01-01 10:10:00'),(6048484897,24,1,'9101020**',6,'2021-01-01 10:10:00'),(6048484898,24,1,'9101020**',7,'2021-01-01 10:10:00'),(6048484899,26,1,'9100045B2',8,'2021-01-01 10:10:00'),(6048484900,27,1,'9101020**',6,'2021-01-01 10:10:00'),(6048484901,23,1,'9101020**',7,'2021-01-01 10:10:00'),(6048484902,32,1,'9100045B2',8,'2021-01-01 10:11:00'),(6048484903,4,1,'9101020*',7,'2021-01-01 10:11:00'),(6048484904,36,1,'9100045B2',8,'2021-01-01 10:12:00'),(6048484905,14,1,'9101020*',7,'2021-01-01 10:13:00'),(6048484906,41,1,'9101020**',7,'2021-01-01 10:13:00'),(6048484907,40,1,'9100045B2',8,'2021-01-01 10:13:00'),(6048484908,42,1,'9100045B2',8,'2021-01-01 10:13:00'),(6048484909,42,1,'9100045B2',8,'2021-01-01 10:13:00'),(6048484910,24,1,'9101020**',6,'2021-01-01 10:13:00'),(6048484911,43,1,'9101020**',6,'2021-01-01 10:13:00'),(6048484912,46,1,'9100045B2',8,'2021-01-01 10:14:00'),(6048484913,49,1,'9101020*',6,'2021-01-01 10:16:00'),(6048484914,49,1,'9101020**',6,'2021-01-01 10:16:00'),(6048484915,48,1,'9100045B2',8,'2021-01-01 10:16:00'),(6048484916,49,1,'9101020**',6,'2021-01-01 10:17:00'),(6048484917,14,1,'9101020**',7,'2021-01-01 10:17:00'),(6048484918,43,1,'9101020*',7,'2021-01-01 10:17:00'),(6048484919,23,1,'9101020**',6,'2021-01-01 10:17:00'),(6048484920,52,1,'9100045B2',8,'2021-01-01 10:17:00'),(6048484921,11,1,'9100045B2',8,'2021-01-01 10:18:00'),(6048484922,11,1,'9100045B2',8,'2021-01-01 10:18:00'),(6048484923,55,1,'9101020**',7,'2021-01-01 10:19:00'),(6048484924,56,1,'9101020**',6,'2021-01-01 10:20:00'),(6048484926,58,1,'9100045B2',8,'2021-01-01 10:21:00'),(6048484927,61,1,'9101020**',7,'2021-01-01 10:22:00'),(6048484928,46,1,'9100045B2',8,'2021-01-01 10:22:00'),(6048484929,4,1,'9100045B2',8,'2021-01-01 10:23:00'),(6048484930,66,1,'9100045B2',8,'2021-01-01 10:24:00'),(6048484931,13,1,'9100045B2',8,'2021-01-01 10:24:00'),(6048484932,42,1,'9100045B2',8,'2021-01-01 10:24:00'),(6048484933,21,1,'9101020**',6,'2021-01-01 10:25:00'),(6048484934,70,1,'9101020**',7,'2021-01-01 10:26:00'),(6048484935,36,1,'9101020**',6,'2021-01-01 10:27:00'),(6048484936,14,1,'9101020**',6,'2021-01-01 10:27:00'),(6048484937,80,1,'9100045B2',8,'2021-01-01 10:28:00'),(6048484938,23,1,'9100045B2',8,'2021-01-01 10:28:00'),(6048484939,26,1,'9101020**',7,'2021-01-01 10:29:00'),(6048484940,70,1,'9101020*',7,'2021-01-01 10:29:00'),(6048484941,52,1,'9101020**',7,'2021-01-01 10:30:00'),(6048484942,23,1,'9101020**',7,'2021-01-01 10:30:00'),(6048484944,87,1,'9101020**',7,'2021-01-01 10:31:00'),(6048484945,90,1,'9100045B2',8,'2021-01-01 10:33:00'),(6048484947,49,1,'9101020*',6,'2021-01-01 10:33:00'),(6048484948,92,1,'9101020**',7,'2021-01-01 10:34:00'),(6048484949,91,1,'9100045B2',8,'2021-01-01 10:34:00'),(6048484950,96,1,'9101020**',7,'2021-01-01 10:35:00'),(6048484951,95,1,'9101020**',6,'2021-01-01 10:35:00'),(6048484952,26,1,'9100045B2',8,'2021-01-01 10:36:00'),(6048484954,14,1,'9101020**',7,'2021-01-01 10:37:00'),(6048484955,66,1,'9100045B2',8,'2021-01-01 10:37:00'),(6048484956,48,1,'9101020*',6,'2021-01-01 10:37:00'),(6048484957,99,1,'9101020**',7,'2021-01-01 10:37:00'),(6048484958,24,1,'9101020**',6,'2021-01-01 10:38:00'),(6048484959,99,1,'9100045B2',8,'2021-01-01 10:38:00'),(6048484960,21,1,'9101020*',6,'2021-01-01 10:38:00'),(6048484961,21,1,'9100045B2',6,'2021-01-01 10:38:00'),(6048484962,102,1,'9100045B2',8,'2021-01-01 10:38:00'),(6048484963,66,1,'9101020**',7,'2021-01-01 10:39:00'),(6048484964,105,1,'9101020**',7,'2021-01-01 10:39:00'),(6048484965,26,1,'9101020**',7,'2021-01-01 10:40:00'),(6048484966,40,1,'9100045B2',8,'2021-01-01 10:41:00'),(6048484967,70,1,'9100045B2',8,'2021-01-01 10:41:00'),(6048484968,66,1,'9100045B2',8,'2021-01-01 10:41:00'),(6048484969,49,1,'9100045B2',8,'2021-01-01 10:42:00'),(6048484970,23,1,'9100045B2',8,'2021-01-01 10:42:00'),(6048484971,36,1,'9101020**',7,'2021-01-01 10:43:00'),(6048484972,23,1,'9101020**',6,'2021-01-01 10:43:00'),(6048484973,115,1,'9100045B2',8,'2021-01-01 10:45:00'),(6048484974,26,1,'9100045B2',8,'2021-01-01 10:45:00'),(6048484975,99,1,'9101020*',7,'2021-01-01 10:45:00'),(6048484976,56,1,'9100045B2',8,'2021-01-01 10:46:00'),(6048484977,4,1,'9100045B2',8,'2021-01-01 10:46:00'),(6048484978,56,1,'9101020*',7,'2021-01-01 10:48:00'),(6048484979,120,1,'9101020**',7,'2021-01-01 10:48:00'),(6048484980,52,1,'9100045B2',8,'2021-01-01 10:48:00'),(6048484981,36,1,'9100045B2',8,'2021-01-01 10:49:00'),(6048484982,32,1,'9101020**',7,'2021-01-01 10:49:00'),(6048484983,23,1,'9101020**',6,'2021-01-01 10:50:00'),(6048484984,70,1,'9101020**',7,'2021-01-01 10:50:00'),(6048484985,125,1,'9100045B2',8,'2021-01-01 10:52:00'),(6048484986,52,1,'9101020**',6,'2021-01-01 10:52:00'),(6048484987,87,1,'9100045B2',8,'2021-01-01 10:54:00'),(6048484988,61,1,'9101020*',6,'2021-01-01 10:56:00'),(6048484989,128,1,'9101020**',6,'2021-01-01 10:56:00'),(6048484990,36,1,'9100045B2',8,'2021-01-01 10:57:00'),(6048484991,23,1,'9100045B2',8,'2021-01-01 10:57:00'),(6048484992,26,1,'9100045B2',8,'2021-01-01 10:58:00'),(6048484993,87,1,'9101020**',6,'2021-01-01 10:59:00'),(6048484994,4,1,'9101020**',7,'2021-01-01 10:59:00'),(6048484995,133,1,'9100045B2',8,'2021-01-01 11:00:00'),(6048484996,23,1,'9101020**',7,'2021-01-01 11:00:00'),(6048484997,70,1,'9100045B2',8,'2021-01-01 11:01:00'),(6048484998,66,1,'9101020*',7,'2021-01-01 11:01:00'),(6048484999,134,1,'9101020**',7,'2021-01-01 11:02:00'),(6048485000,14,1,'9101020**',7,'2021-01-01 11:03:00'),(6048485001,66,1,'9101020*',7,'2021-01-01 11:03:00'),(6048485002,40,1,'9101020**',7,'2021-01-01 11:04:00'),(6048485003,40,1,'9101020**',7,'2021-01-01 11:04:00'),(6048485004,46,1,'9101020**',7,'2021-01-01 11:04:00'),(6048485005,99,1,'9100045B2',8,'2021-01-01 11:05:00'),(6048485006,14,1,'9100045B2',8,'2021-01-01 11:06:00'),(6048485008,48,1,'9101020**',6,'2021-01-01 11:06:00'),(6048485010,61,1,'9101020*',7,'2021-01-01 11:06:00'),(6048485011,4,1,'9100045B2',8,'2021-01-01 11:06:00'),(6048485012,61,1,'9100045B2',8,'2021-01-01 11:07:00'),(6048485013,13,1,'9101020**',6,'2021-01-01 11:08:00'),(6048485014,40,1,'9101020*',6,'2021-01-01 11:08:00'),(6048485015,13,1,'9100045B2',8,'2021-01-01 11:09:00'),(6048485016,23,1,'9101020**',7,'2021-01-01 11:12:00'),(6048485017,66,1,'9100045B2',8,'2021-01-01 11:13:00'),(6048485018,66,1,'9101020*',7,'2021-01-01 11:13:00'),(6048485019,151,1,'9101020**',6,'2021-01-01 11:14:00'),(6048485020,70,1,'9101020*',7,'2021-01-01 11:14:00'),(6048485021,26,1,'9100045B2',8,'2021-01-01 11:14:00'),(6048485022,26,1,'9100045B2',8,'2021-01-01 11:15:00'),(6048485023,26,1,'9100045B2',8,'2021-01-01 11:15:00'),(6048485024,21,1,'9100045B2',8,'2021-01-01 11:15:00'),(6048485025,36,1,'9100045B2',8,'2021-01-01 11:16:00'),(6048485026,151,1,'9100045B2',8,'2021-01-01 11:18:00'),(6048485027,14,1,'9101020*',6,'2021-01-01 11:18:00'),(6048485028,3,1,'9100045B2',8,'2021-01-01 11:18:00'),(6048485029,70,1,'9101020*',7,'2021-01-01 11:19:00'),(6048485030,40,1,'9101020*',7,'2021-01-01 11:20:00'),(6048485031,161,1,'9101020**',7,'2021-01-01 11:20:00'),(6048485032,161,1,'9101020**',6,'2021-01-01 11:20:00'),(6048485033,95,1,'9101020**',7,'2021-01-01 11:09:00'),(6048485034,23,1,'9101020**',6,'2021-01-01 11:15:00'),(6048485035,162,1,'9100045B2',8,'2021-01-01 11:20:00'),(6048485036,14,1,'9100045B2',8,'2021-01-01 11:22:00'),(6048485037,43,1,'9101020**',6,'2021-01-01 11:22:00'),(6048485038,165,1,'9100045B2',8,'2021-01-01 11:23:00'),(6048485039,14,1,'9101020**',6,'2021-01-01 11:23:00'),(6048485040,166,1,'9101020**',7,'2021-01-01 11:24:00'),(6048485041,58,1,'9100045B2',8,'2021-01-01 11:25:00'),(6048485042,23,1,'9100045B2',8,'2021-01-01 11:25:00'),(6048485043,36,1,'9101020**',7,'2021-01-01 11:27:00'),(6048485044,70,1,'9101020**',7,'2021-01-01 11:28:00'),(6048485045,3,1,'9101020**',7,'2021-01-01 11:28:00'),(6048485046,58,1,'9100045B2',8,'2021-01-01 11:30:00'),(6048485047,166,1,'9101020**',6,'2021-01-01 11:30:00'),(6048485048,52,1,'9100045B2',8,'2021-01-01 11:31:00'),(6048485049,14,1,'9101020**',7,'2021-01-01 11:31:00'),(6048485050,134,1,'9101020**',7,'2021-01-01 11:31:00'),(6048485051,56,1,'9100045B2',8,'2021-01-01 11:32:00'),(6048485052,125,1,'9101020**',6,'2021-01-01 11:33:00'),(6048485053,42,1,'9101020**',6,'2021-01-01 11:33:00'),(6048485054,66,1,'9101020**',7,'2021-01-01 11:33:00'),(6048485055,40,1,'9100045B2',8,'2021-01-01 11:36:00'),(6048485056,48,1,'9101020*',7,'2021-01-01 11:37:00'),(6048485057,52,1,'9100045B2',8,'2021-01-01 11:39:00'),(6048485058,52,1,'9100045B2',8,'2021-01-01 11:40:00'),(6048485059,40,1,'9100045B2',8,'2021-01-01 11:41:00'),(6048485060,52,1,'9101020**',7,'2021-01-01 11:41:00'),(6048485061,21,1,'9101020*',7,'2021-01-01 11:42:00'),(6048485062,49,1,'9100045B2',8,'2021-01-01 11:42:00'),(6048485063,70,1,'9101020**',7,'2021-01-01 11:44:00'),(6048485064,182,1,'9101020*',6,'2021-01-01 11:45:00'),(6048485065,185,1,'9100045B2',8,'2021-01-01 11:47:00'),(6048485066,24,1,'9101020**',6,'2021-01-01 11:49:00'),(6048485067,161,1,'9101020*',7,'2021-01-01 11:52:00'),(6048485068,21,1,'9100045B2',8,'2021-01-01 11:54:00'),(6048485069,23,1,'9101020*',7,'2021-01-01 11:57:00'),(7009321650,35,1,'9102020',7,'2021-01-01 10:12:00'),(7009321651,33,1,'9102020',6,'2021-01-01 10:11:00'),(7009321652,112,1,'9102020',6,'2021-01-01 10:44:00'),(7009321653,124,1,'9102020',7,'2021-01-01 10:52:00'),(7009321654,16,1,'9102020',7,'2021-01-01 10:07:00'),(7009321655,16,1,'9102020',6,'2021-01-01 10:26:00'),(7009321659,77,1,'9102020',7,'2021-01-01 10:28:00'),(7009321660,51,1,'9102020',7,'2021-01-01 10:16:00'),(7009321663,130,1,'9102020',7,'2021-01-01 10:57:00'),(7009321665,65,1,'9102020',7,'2021-01-01 10:23:00'),(7009321667,84,1,'9102020',7,'2021-01-01 10:30:00'),(7009321671,78,1,'9102020',7,'2021-01-01 10:28:00'),(7009321672,118,1,'9102020',7,'2021-01-01 10:47:00'),(7009321673,54,1,'9102020',6,'2021-01-01 10:17:00'),(7009321674,88,1,'9102020',6,'2021-01-01 10:32:00'),(7009321675,88,1,'9102020',7,'2021-01-01 10:55:00'),(7009321677,103,1,'9102020',6,'2021-01-01 10:38:00'),(7009321678,111,1,'9102020',7,'2021-01-01 10:43:00'),(7009321680,25,1,'9102020',7,'2021-01-01 10:10:00'),(7009321682,20,1,'9102020',7,'2021-01-01 10:09:00'),(7009321683,20,1,'9102020',7,'2021-01-01 10:36:00'),(7009321684,50,1,'9102020',7,'2021-01-01 10:16:00'),(7009321686,50,1,'9102020',6,'2021-01-01 10:53:00'),(7009321687,50,1,'9102020',7,'2021-01-01 10:54:00'),(7009321692,59,1,'9102020',6,'2021-01-01 10:21:00'),(7009321693,62,1,'9102020',6,'2021-01-01 10:22:00'),(7009321694,53,1,'9102020',7,'2021-01-01 10:17:00'),(7009321695,114,1,'9102020',6,'2021-01-01 10:45:00'),(7009321770,29,1,'9102020',7,'2021-01-01 10:10:00'),(7009321776,94,1,'9102020',4,'2021-01-01 10:35:00'),(7009321777,106,1,'9102020',6,'2021-01-01 10:40:00'),(7009321778,106,1,'9102020',6,'2021-01-01 10:52:00'),(7009321781,77,1,'9102020',7,'2021-01-01 11:09:00'),(7009321790,5,1,'9102020',6,'2021-01-01 10:02:00'),(7009321793,153,1,'9102020',7,'2021-01-01 11:14:00'),(7009321795,137,1,'9102020',7,'2021-01-01 11:03:00'),(7009321796,79,1,'9102020',7,'2021-01-01 10:28:00'),(7009321797,44,1,'9102020',7,'2021-01-01 10:13:00'),(7009321799,135,1,'9102020',7,'2021-01-01 11:02:00'),(7009321800,10,1,'9102020',7,'2021-01-01 10:05:00'),(7009321801,6,1,'9102020',7,'2021-01-01 10:02:00'),(7009321802,7,1,'9102020',7,'2021-01-01 11:03:00'),(7009321803,7,1,'9102020',6,'2021-01-01 10:03:00'),(7009321808,110,1,'9102020',7,'2021-01-01 10:41:00'),(7009321809,110,1,'9102020',7,'2021-01-01 10:58:00'),(7009321810,110,1,'9102020',7,'2021-01-01 11:12:00'),(7009321811,164,1,'9102020',6,'2021-01-01 11:21:00'),(7009321813,50,1,'9102020',7,'2021-01-01 11:51:00'),(7009321818,193,1,'9102020',7,'2021-01-01 11:52:00'),(7009321828,110,1,'9102020',7,'2021-01-01 11:56:00'),(7009321857,141,1,'9102020',7,'2021-01-01 11:06:00'),(7009321858,110,1,'9102020',7,'2021-01-01 11:05:00'),(7009321867,181,1,'9102020',7,'2021-01-01 11:44:00'),(7009321868,62,1,'9102020',6,'2021-01-01 11:02:00'),(7009321869,150,1,'9102020',6,'2021-01-01 11:13:00'),(7009321873,77,1,'9102020',6,'2021-01-01 11:21:00'),(7009321879,197,1,'9102020',6,'2021-01-01 11:58:00'),(7009321882,180,1,'9102020',6,'2021-01-01 11:44:00'),(7009321885,130,1,'9102020',6,'2021-01-01 11:31:00'),(7009321893,178,1,'9102020',7,'2021-01-01 11:40:00'),(7009321900,194,1,'9102020',7,'2021-01-01 11:52:00'),(7009321901,190,1,'9102020',6,'2021-01-01 11:51:00'),(7009321906,160,1,'9102020',7,'2021-01-01 11:18:00'),(7009321907,156,1,'9102020',7,'2021-01-01 11:16:00'),(7009321916,173,1,'9102020',7,'2021-01-01 11:34:00'),(7009321917,198,1,'9102020',7,'2021-01-01 11:58:00'),(7009321918,195,1,'9102020',7,'2021-01-01 11:52:00'),(7009321921,184,1,'9102020',7,'2021-01-01 11:47:00'),(7009321927,187,1,'9102020',6,'2021-01-01 11:47:00'),(7009321928,171,1,'9102020',7,'2021-01-01 11:33:00'),(7009321929,167,1,'9102020',7,'2021-01-01 11:25:00'),(7009321935,169,1,'9102020',6,'2021-01-01 11:27:00'),(7009321939,186,1,'9102020',7,'2021-01-01 11:47:00'),(7009321948,155,1,'9102020',7,'2021-01-01 11:16:00'),(7009321951,111,1,'9102020',7,'2021-01-01 11:23:00'),(7009321956,179,1,'9102020',7,'2021-01-01 11:40:00'),(7009321967,44,1,'9102020',6,'2021-01-01 11:31:00'),(7009321968,44,1,'9102020',6,'2021-01-01 11:59:00'),(7009321970,25,1,'9102020',7,'2021-01-01 11:20:00'),(7009322724,144,1,'9102020',7,'2021-01-01 11:09:00'),(7009322949,45,1,'9102020',7,'2021-01-01 10:14:00'),(7009323356,71,1,'9102020',7,'2021-01-01 10:27:00'),(7009323477,18,1,'9102020',6,'2021-01-01 10:08:00'),(7009323481,45,1,'9102020',7,'2021-01-01 10:51:00'),(7009323483,101,1,'9102020',6,'2021-01-01 10:38:00'),(7009323488,76,1,'9102020',6,'2021-01-01 10:28:00'),(7009323489,136,1,'9102020',6,'2021-01-01 11:03:00'),(7009323490,117,1,'9102020',7,'2021-01-01 10:46:00'),(7009323504,159,1,'9102020',6,'2021-01-01 11:18:00'),(7009323505,163,1,'9102020',7,'2021-01-01 11:20:00'),(7009323508,196,1,'9102020',7,'2021-01-01 11:54:00'),(7009323510,137,1,'9102020',7,'2021-01-01 11:16:00'),(7009325251,138,1,'9102020',7,'2021-01-01 11:04:00'),(7009325259,147,1,'9102020',6,'2021-01-01 11:12:00'),(7009325261,59,1,'9102020',6,'2021-01-01 11:03:00'),(7009325263,177,1,'9102020',7,'2021-01-01 11:40:00'),(7009325266,7,1,'9102020',6,'2021-01-01 11:32:00'),(7009325268,175,1,'9102020',6,'2021-01-01 11:38:00');
/*!40000 ALTER TABLE `tickets` ENABLE KEYS */;
UNLOCK TABLES;

--
-- Temporary view structure for view `tickets_summary`
--

DROP TABLE IF EXISTS `tickets_summary`;
/*!50001 DROP VIEW IF EXISTS `tickets_summary`*/;
SET @saved_cs_client     = @@character_set_client;
/*!50503 SET character_set_client = utf8mb4 */;
/*!50001 CREATE VIEW `tickets_summary` AS SELECT 
 1 AS `ticket_number`,
 1 AS `violation_description`,
 1 AS `ticket_status`*/;
SET character_set_client = @saved_cs_client;

--
-- Temporary view structure for view `total_tickets_per_vehicle_make`
--

DROP TABLE IF EXISTS `total_tickets_per_vehicle_make`;
/*!50001 DROP VIEW IF EXISTS `total_tickets_per_vehicle_make`*/;
SET @saved_cs_client     = @@character_set_client;
/*!50503 SET character_set_client = utf8mb4 */;
/*!50001 CREATE VIEW `total_tickets_per_vehicle_make` AS SELECT 
 1 AS `Vehicle Make`,
 1 AS `Number_of_Tickets`*/;
SET character_set_client = @saved_cs_client;

--
-- Table structure for table `vehicles`
--

DROP TABLE IF EXISTS `vehicles`;
/*!40101 SET @saved_cs_client     = @@character_set_client */;
/*!50503 SET character_set_client = utf8mb4 */;
CREATE TABLE `vehicles` (
  `vehicle_id` int NOT NULL AUTO_INCREMENT,
  `vehicle_make` varchar(45) NOT NULL,
  PRIMARY KEY (`vehicle_id`),
  UNIQUE KEY `vehicle_make_UNIQUE` (`vehicle_make`)
) ENGINE=InnoDB AUTO_INCREMENT=1993 DEFAULT CHARSET=utf8mb3;
/*!40101 SET character_set_client = @saved_cs_client */;

--
-- Dumping data for table `vehicles`
--

LOCK TABLES `vehicles` WRITE;
/*!40000 ALTER TABLE `vehicles` DISABLE KEYS */;
INSERT INTO `vehicles` VALUES (89,'ACUR'),(304,'ALFA'),(159,'AUDI'),(3,'BMW'),(48,'BUIC'),(92,'CADI'),(18,'CHEV'),(68,'CHRY'),(47,'DODG'),(80,'FORD'),(96,'GMC'),(102,'HOND'),(23,'HYUN'),(74,'INFI'),(85,'JAGU'),(81,'JEEP'),(126,'KIA'),(12,'LEXU'),(115,'LINC'),(99,'LNDR'),(29,'MAZD'),(207,'MERC'),(295,'MERZ'),(108,'MITS'),(61,'NISS'),(1,'OTHR'),(78,'PONT'),(1967,'PORS'),(44,'SATR'),(215,'SUBA'),(1879,'SUZI'),(16,'TOYT'),(24,'VOLK'),(774,'VOLV');
/*!40000 ALTER TABLE `vehicles` ENABLE KEYS */;
UNLOCK TABLES;

--
-- Temporary view structure for view `violation_totals`
--

DROP TABLE IF EXISTS `violation_totals`;
/*!50001 DROP VIEW IF EXISTS `violation_totals`*/;
SET @saved_cs_client     = @@character_set_client;
/*!50503 SET character_set_client = utf8mb4 */;
/*!50001 CREATE VIEW `violation_totals` AS SELECT 
 1 AS `violation_description`,
 1 AS `violation_quantity`,
 1 AS `total_fines`*/;
SET character_set_client = @saved_cs_client;

--
-- Table structure for table `violations`
--

DROP TABLE IF EXISTS `violations`;
/*!40101 SET @saved_cs_client     = @@character_set_client */;
/*!50503 SET character_set_client = utf8mb4 */;
CREATE TABLE `violations` (
  `violation_code` varchar(45) NOT NULL,
  `violation_description` varchar(45) NOT NULL,
  `fine_id` int NOT NULL,
  PRIMARY KEY (`violation_code`),
  UNIQUE KEY `violation_description_UNIQUE` (`violation_description`),
  KEY `fk_violations_fine_levels1_idx` (`fine_id`),
  CONSTRAINT `fk_violations_fine_levels1` FOREIGN KEY (`fine_id`) REFERENCES `fine_levels` (`fine_id`)
) ENGINE=InnoDB DEFAULT CHARSET=utf8mb3;
/*!40101 SET character_set_client = @saved_cs_client */;

--
-- Dumping data for table `violations`
--

LOCK TABLES `violations` WRITE;
/*!40000 ALTER TABLE `violations` DISABLE KEYS */;
INSERT INTO `violations` VALUES ('0964050J','DISABLED PARKING ZONE',7),('0964080B','NO STANDING/PARKING TIME RESTRICTED',1),('0964090E','RESIDENTIAL PERMIT PARKING',3),('0964100A','WITHIN 15\' OF FIRE HYDRANT',2),('0964100C','BLOCK ACCESS/ALLEY/DRIVEWAY/FIRELANE',2),('0964110A1','DOUBLE PARKING/STANDING NON-CENTRAL BUSINESS ',1),('0964110C','PARK OR STAND ON CROSSWALK',4),('0964125B','NO CITY STICKER VEHICLE UNDER/EQUAL TO 16,000',5),('0964130A','PARK ALLEY',2),('0964150B','PARKING/STANDING PROHIBITED ANYTIME',3),('0976160A','MISSING/NONCOMPLIANT FRONT AND/OR REAR PLATE',4),('0976160B','EXPIRED PLATE OR TEMPORARY REGISTRATION',4),('9100045B2','SPEED WARNING',8),('9101020*','SPEED VIOLATION 6-10',9),('9101020**','SPEED VIOLATION 11+',1),('9102020','RED LIGHT VIOLATION',1);
/*!40000 ALTER TABLE `violations` ENABLE KEYS */;
UNLOCK TABLES;

--
-- Temporary view structure for view `violations_per_address`
--

DROP TABLE IF EXISTS `violations_per_address`;
/*!50001 DROP VIEW IF EXISTS `violations_per_address`*/;
SET @saved_cs_client     = @@character_set_client;
/*!50503 SET character_set_client = utf8mb4 */;
/*!50001 CREATE VIEW `violations_per_address` AS SELECT 
 1 AS `violation_location`,
 1 AS `total_violations`*/;
SET character_set_client = @saved_cs_client;

--
-- Final view structure for view `outstanding_payments`
--

/*!50001 DROP VIEW IF EXISTS `outstanding_payments`*/;
/*!50001 SET @saved_cs_client          = @@character_set_client */;
/*!50001 SET @saved_cs_results         = @@character_set_results */;
/*!50001 SET @saved_col_connection     = @@collation_connection */;
/*!50001 SET character_set_client      = utf8mb4 */;
/*!50001 SET character_set_results     = utf8mb4 */;
/*!50001 SET collation_connection      = utf8mb4_0900_ai_ci */;
/*!50001 CREATE ALGORITHM=UNDEFINED */
/*!50013 DEFINER=`root`@`localhost` SQL SECURITY DEFINER */
/*!50001 VIEW `outstanding_payments` AS select `tickets`.`ticket_number` AS `ticket_number`,`payments`.`amount_due` AS `amount_due` from (`tickets` join `payments` on((`tickets`.`ticket_number` = `payments`.`ticket_number`))) where (`payments`.`amount_due` > 0) order by `payments`.`amount_due` desc */;
/*!50001 SET character_set_client      = @saved_cs_client */;
/*!50001 SET character_set_results     = @saved_cs_results */;
/*!50001 SET collation_connection      = @saved_col_connection */;

--
-- Final view structure for view `tickets_summary`
--

/*!50001 DROP VIEW IF EXISTS `tickets_summary`*/;
/*!50001 SET @saved_cs_client          = @@character_set_client */;
/*!50001 SET @saved_cs_results         = @@character_set_results */;
/*!50001 SET @saved_col_connection     = @@collation_connection */;
/*!50001 SET character_set_client      = utf8mb4 */;
/*!50001 SET character_set_results     = utf8mb4 */;
/*!50001 SET collation_connection      = utf8mb4_0900_ai_ci */;
/*!50001 CREATE ALGORITHM=UNDEFINED */
/*!50013 DEFINER=`root`@`localhost` SQL SECURITY DEFINER */
/*!50001 VIEW `tickets_summary` AS select `tickets`.`ticket_number` AS `ticket_number`,`violations`.`violation_description` AS `violation_description`,`ticket_queue_types`.`ticket_queue` AS `ticket_status` from ((`tickets` join `violations` on((`tickets`.`violation_code` = `violations`.`violation_code`))) join `ticket_queue_types` on((`tickets`.`queue_id` = `ticket_queue_types`.`queue_id`))) where ((`ticket_queue_types`.`ticket_queue` <> 'Dismissed') and (`ticket_queue_types`.`ticket_queue` <> 'Warning')) order by `tickets`.`ticket_number` */;
/*!50001 SET character_set_client      = @saved_cs_client */;
/*!50001 SET character_set_results     = @saved_cs_results */;
/*!50001 SET collation_connection      = @saved_col_connection */;

--
-- Final view structure for view `total_tickets_per_vehicle_make`
--

/*!50001 DROP VIEW IF EXISTS `total_tickets_per_vehicle_make`*/;
/*!50001 SET @saved_cs_client          = @@character_set_client */;
/*!50001 SET @saved_cs_results         = @@character_set_results */;
/*!50001 SET @saved_col_connection     = @@collation_connection */;
/*!50001 SET character_set_client      = utf8mb4 */;
/*!50001 SET character_set_results     = utf8mb4 */;
/*!50001 SET collation_connection      = utf8mb4_0900_ai_ci */;
/*!50001 CREATE ALGORITHM=UNDEFINED */
/*!50013 DEFINER=`root`@`localhost` SQL SECURITY DEFINER */
/*!50001 VIEW `total_tickets_per_vehicle_make` AS select `vehicles`.`vehicle_make` AS `Vehicle Make`,count(`vehicles`.`vehicle_make`) AS `Number_of_Tickets` from (`vehicles` join `tickets` on((`vehicles`.`vehicle_id` = `tickets`.`vehicle_id`))) group by `vehicles`.`vehicle_make` having (`Number_of_Tickets` > 5) */;
/*!50001 SET character_set_client      = @saved_cs_client */;
/*!50001 SET character_set_results     = @saved_cs_results */;
/*!50001 SET collation_connection      = @saved_col_connection */;

--
-- Final view structure for view `violation_totals`
--

/*!50001 DROP VIEW IF EXISTS `violation_totals`*/;
/*!50001 SET @saved_cs_client          = @@character_set_client */;
/*!50001 SET @saved_cs_results         = @@character_set_results */;
/*!50001 SET @saved_col_connection     = @@collation_connection */;
/*!50001 SET character_set_client      = utf8mb4 */;
/*!50001 SET character_set_results     = utf8mb4 */;
/*!50001 SET collation_connection      = utf8mb4_0900_ai_ci */;
/*!50001 CREATE ALGORITHM=UNDEFINED */
/*!50013 DEFINER=`root`@`localhost` SQL SECURITY DEFINER */
/*!50001 VIEW `violation_totals` AS select `vioaltion_fines`.`violation_description` AS `violation_description`,count(`vioaltion_fines`.`violation_description`) AS `violation_quantity`,concat('$',convert(format(sum(`vioaltion_fines`.`fine_total`),2) using utf8mb4)) AS `total_fines` from (`tickets` join (select `tickets`.`ticket_number` AS `ticket_number`,`violations`.`violation_description` AS `violation_description`,(`payments`.`payment_total` + `payments`.`amount_due`) AS `fine_total` from ((`tickets` join `payments` on((`tickets`.`ticket_number` = `payments`.`ticket_number`))) join `violations` on((`tickets`.`violation_code` = `violations`.`violation_code`)))) `vioaltion_fines` on((`tickets`.`ticket_number` = `vioaltion_fines`.`ticket_number`))) group by `vioaltion_fines`.`violation_description` having (sum(`vioaltion_fines`.`fine_total`) > 0) order by `violation_quantity` desc */;
/*!50001 SET character_set_client      = @saved_cs_client */;
/*!50001 SET character_set_results     = @saved_cs_results */;
/*!50001 SET collation_connection      = @saved_col_connection */;

--
-- Final view structure for view `violations_per_address`
--

/*!50001 DROP VIEW IF EXISTS `violations_per_address`*/;
/*!50001 SET @saved_cs_client          = @@character_set_client */;
/*!50001 SET @saved_cs_results         = @@character_set_results */;
/*!50001 SET @saved_col_connection     = @@collation_connection */;
/*!50001 SET character_set_client      = utf8mb4 */;
/*!50001 SET character_set_results     = utf8mb4 */;
/*!50001 SET collation_connection      = utf8mb4_0900_ai_ci */;
/*!50001 CREATE ALGORITHM=UNDEFINED */
/*!50013 DEFINER=`root`@`localhost` SQL SECURITY DEFINER */
/*!50001 VIEW `violations_per_address` AS select `locations`.`violation_location` AS `violation_location`,count(distinct `tickets`.`ticket_number`) AS `total_violations` from ((`tickets` join `locations` on((`tickets`.`location_id` = `locations`.`location_id`))) join `violations` on((`tickets`.`violation_code` = `violations`.`violation_code`))) group by `locations`.`violation_location` having (`total_violations` > 2) order by `total_violations` desc */;
/*!50001 SET character_set_client      = @saved_cs_client */;
/*!50001 SET character_set_results     = @saved_cs_results */;
/*!50001 SET collation_connection      = @saved_col_connection */;
/*!40103 SET TIME_ZONE=@OLD_TIME_ZONE */;

/*!40101 SET SQL_MODE=@OLD_SQL_MODE */;
/*!40014 SET FOREIGN_KEY_CHECKS=@OLD_FOREIGN_KEY_CHECKS */;
/*!40014 SET UNIQUE_CHECKS=@OLD_UNIQUE_CHECKS */;
/*!40101 SET CHARACTER_SET_CLIENT=@OLD_CHARACTER_SET_CLIENT */;
/*!40101 SET CHARACTER_SET_RESULTS=@OLD_CHARACTER_SET_RESULTS */;
/*!40101 SET COLLATION_CONNECTION=@OLD_COLLATION_CONNECTION */;
/*!40111 SET SQL_NOTES=@OLD_SQL_NOTES */;

-- Dump completed on 2024-05-13 22:24:02
